Unnamed: 0,Rating,Type of ownership,job_simp,seniority,hourly,min_salary,max_salary,avg_salary,company_txt,age,python_yn,R_yn,spark,aws,excel,job_state,same_state,num_comp
0,3.8,Company - Private,data scientist,na,0,53,91,72.0,Tecolote Research,47,1,0,0,0,1,NM,0,0
1,3.4,Other Organization,data scientist,na,0,63,112,87.5,University of Maryland Medical System,36,1,0,0,0,0,MD,0,0
2,4.8,Company - Private,data scientist,na,0,80,90,85.0,KnowBe4,10,1,0,1,0,1,FL,1,0
3,3.8,Government,data scientist,na,0,56,97,76.5,PNNL,55,1,0,0,0,0,WA,1,3
4,2.9,Company - Private,data scientist,na,0,86,143,114.5,Affinity Solutions,22,1,0,0,0,1,NY,1,3
5,3.4,Company - Public,data scientist,na,0,71,119,95.0,CyrusOne,20,1,0,0,1,1,TX,1,3
6,4.1,Company - Private,data scientist,na,0,54,93,73.5,ClearOne Advantage,12,0,0,0,0,1,MD,1,0
7,3.8,Company - Private,data scientist,na,0,86,142,114.0,Logic20/20,15,1,0,1,1,1,CA,0,0
9,4.6,Company - Private,data scientist,na,0,120,160,140.0,<intent>,11,1,0,1,0,0,NY,1,2
10,3.5,Company - Private,data scientist,na,0,126,201,163.5,Wish,9,1,0,0,0,0,CA,0,0
11,4.1,Company - Public,data scientist,na,0,64,106,85.0,ManTech,52,0,0,0,0,0,VA,0,0
12,3.2,Company - Public,data scientist,na,0,106,172,139.0,Walmart,58,0,0,0,0,0,TX,0,3
13,4.1,Company - Private,analyst,na,0,46,85,65.5,Yesler,8,1,0,1,1,1,WA,1,0
14,3.7,Company - Public,data scientist,na,0,83,144,113.5,Takeda Pharmaceuticals,239,1,0,1,0,0,MA,0,3
15,3.6,Subsidiary or Business Segment,data engineer,na,0,102,190,146.0,Audible,25,0,0,0,0,1,NJ,1,0
17,4.3,Company - Private,data scientist,na,0,118,189,153.5,h2o.ai,9,1,0,1,1,1,CA,1,0
18,4.2,Company - Private,data scientist,na,0,110,175,142.5,Nuna,10,0,0,0,0,0,CA,1,0
19,4.0,Nonprofit Organization,data scientist,na,0,64,111,87.5,Pinnacol Assurance,105,1,0,0,0,1,CO,1,0
20,3.2,Company - Private,data scientist,na,0,81,130,105.5,Porch,8,1,0,1,0,0,WA,1,3
21,3.9,Company - Private,data scientist,senior,0,73,119,96.0,Health IQ,7,0,0,0,0,1,TX,0,0
22,3.8,Company - Private,data scientist,na,0,86,139,112.5,Truckstop.com,25,1,0,0,1,1,IL,0,0
23,4.3,Nonprofit Organization,data scientist,na,0,63,105,84.0,SMC 3,85,1,0,0,0,1,KY,0,0
25,4.0,Company - Private,data scientist,na,0,109,177,143.0,Novetta,8,1,0,0,1,0,VA,0,3
26,4.0,Company - Public,data scientist,na,0,63,110,86.5,Pfizer,171,1,0,0,1,1,MA,0,0
27,3.5,Company - Private,data scientist,na,0,75,124,99.5,First Tech Federal Credit Union,68,1,0,1,1,1,OR,0,0
28,3.7,Company - Public,analyst,na,0,34,61,47.5,The Hanover Insurance Group,168,0,0,0,0,1,MA,1,0
29,4.0,Company - Public,data scientist,na,0,63,105,84.0,Pfizer,171,0,0,0,1,1,CT,0,0
30,4.8,Company - Private,data scientist,na,0,80,90,85.0,KnowBe4,10,1,0,1,0,1,FL,1,0
31,3.8,Government,data scientist,na,0,56,97,76.5,PNNL,55,1,0,0,0,0,WA,1,3
32,3.6,Company - Private,data scientist,na,0,72,120,96.0,Amrock,23,1,0,0,0,0,MI,1,0
33,3.8,Company - Public,data scientist,na,0,86,143,114.5,Novartis,24,1,0,0,0,0,MA,0,0
34,3.8,Company - Public,data scientist,na,0,93,149,121.0,Juniper Networks,24,1,0,1,0,1,CA,1,0
35,4.7,Company - Private,data scientist,na,0,85,140,112.5,New England Biolabs,46,1,0,0,0,1,MA,1,3
36,4.2,Company - Private,analyst,na,0,77,135,106.0,Clarity Insights,12,1,0,0,0,1,CA,0,0
37,3.5,Company - Private,data scientist,na,0,82,132,107.0,Esri,51,1,0,1,1,0,CA,1,1
38,4.7,Company - Private,data scientist,na,0,83,137,110.0,Systems & Technology Research,10,1,0,1,0,1,MA,1,0
39,3.5,Company - Public,data scientist,senior,0,115,180,147.5,Sartorius,150,1,0,0,0,1,CA,0,0
40,3.5,Company - Private,data engineer,na,0,74,138,106.0,Lancer Insurance,35,1,0,0,0,1,NY,1,0
41,4.2,Company - Private,analyst,na,0,64,112,88.0,Sauce Labs,12,1,0,0,1,1,CA,1,3
43,3.6,Company - Private,data engineer,na,0,68,129,98.5,Persivia,-1,0,0,0,0,1,MA,0,0
44,4.2,Company - Private,data scientist,na,0,110,175,142.5,Nuna,10,0,0,0,0,0,CA,1,0
46,4.3,Company - Public,data scientist,senior,0,110,150,130.0,Equity Residential,27,1,0,1,0,1,IL,1,3
48,5.0,Company - Private,data scientist,na,0,150,160,155.0,BPA Services,-1,0,0,0,1,1,DC,0,0
49,3.7,Company - Public,data scientist,senior,0,158,211,184.5,Visa Inc.,62,1,0,0,0,1,WA,0,3
50,3.1,Company - Private,analyst,na,0,20,39,29.5,Intrado,34,0,0,0,0,1,CO,0,0
52,3.7,Company - Public,data scientist,na,0,63,99,81.0,Caterpillar,95,0,0,0,0,0,IL,0,3
54,3.8,Subsidiary or Business Segment,data scientist,na,0,68,114,91.0,Zimmerman Advertising,36,1,0,0,0,1,FL,1,0
55,3.3,Company - Private,data scientist,na,0,86,143,114.5,Liberty Mutual Insurance,108,1,0,0,0,0,MA,1,3
56,4.6,Company - Private,analyst,na,0,41,95,68.0,"Torch Technologies, Inc.",18,1,0,0,0,1,AL,1,0
57,3.7,Company - Public,data scientist,na,0,86,144,115.0,Swiss Re,157,1,0,0,0,1,NY,0,3
58,3.7,Company - Public,data scientist,na,0,80,139,109.5,Northrop Grumman,81,0,0,0,0,1,CA,0,0
59,3.5,Company - Public,data scientist,na,0,56,95,75.5,Sartorius,150,1,0,0,0,1,NM,0,0
60,4.1,Company - Private,data scientist,na,0,120,189,154.5,Netskope,8,1,0,1,0,1,CA,0,3
61,4.7,Company - Private,data scientist,na,0,111,176,143.5,1904labs,4,1,0,1,0,0,MO,1,2
62,4.1,Company - Private,data scientist,na,0,54,93,73.5,ClearOne Advantage,12,0,0,0,0,1,MD,1,0
63,3.4,Company - Public,data scientist,na,0,71,119,95.0,CyrusOne,20,1,0,0,1,1,TX,1,3
65,4.4,Subsidiary or Business Segment,data scientist,senior,0,82,132,107.0,The David J. Joseph Company,135,1,0,0,1,0,OH,1,0
66,4.3,Company - Private,data scientist,na,0,84,146,115.0,USEReady,9,1,0,1,1,0,NY,1,0
67,3.8,Company - Public,data scientist,senior,0,107,172,139.5,Bill.com,14,0,0,0,0,0,CA,1,0
68,3.8,Government,data scientist,na,0,49,85,67.0,Pacific Northwest National Laboratory,55,0,0,0,0,0,WA,1,3
70,3.8,Company - Public,data scientist,na,0,61,109,85.0,DICK'S Sporting Goods - Corporate,72,1,0,0,0,0,PA,1,3
72,2.8,Company - Private,data scientist,na,0,88,148,118.0,Berg Health,14,1,0,0,0,1,MA,1,0
73,4.7,Company - Private,data scientist,na,0,60,99,79.5,Oversight Systems,17,1,0,0,0,1,GA,1,0
75,3.1,Company - Public,data scientist,na,0,41,72,56.5,C Space,21,1,0,0,0,0,MA,1,4
76,3.2,Company - Private,data scientist,na,0,96,161,128.5,"Numeric, LLC",-1,1,0,1,1,0,PA,0,0
79,3.6,Company - Public,director,na,0,139,220,179.5,Grainger,93,1,0,0,0,1,IL,1,0
81,3.9,Company - Private,data scientist,senior,0,85,139,112.0,The Buffalo Group,10,1,0,1,0,0,VA,0,3
82,3.1,Company - Private,data scientist,na,0,74,122,98.0,Carmeuse,160,1,0,0,0,0,PA,0,3
83,4.0,Company - Public,data scientist,senior,0,99,157,128.0,HP Inc.,81,0,0,1,1,0,WA,0,0
84,4.3,Company - Private,data scientist,na,0,79,222,150.5,h2o.ai,9,1,0,1,1,1,CA,1,0
86,3.3,Company - Private,data scientist,na,0,83,137,110.0,Peraton,3,1,0,0,0,1,VA,0,0
87,4.4,Company - Private,data scientist,na,0,86,141,113.5,Pactera,25,1,0,0,0,1,CA,0,3
88,3.9,Company - Private,data scientist,na,0,94,154,124.0,Nurx,4,1,0,0,0,0,CA,1,0
89,4.7,Company - Private,analyst,jr,0,37,76,56.5,webfx.com,23,0,0,0,0,1,PA,1,0
90,4.5,Nonprofit Organization,data scientist,na,0,100,160,130.0,Johns Hopkins University Applied Physics Laboratory,78,1,0,0,0,1,MD,1,3
91,4.3,Company - Private,analyst,na,0,55,100,77.5,Productive Edge,12,0,0,0,0,1,IL,1,3
92,4.0,Company - Private,data engineer,na,0,60,114,87.0,Excella Consulting,18,1,0,0,1,1,VA,1,0
93,4.4,Company - Private,analyst,na,0,39,68,53.5,Gensco,72,0,0,0,0,1,WA,1,0
94,3.2,Company - Public,data scientist,na,0,106,172,139.0,Walmart,58,0,0,0,0,0,TX,0,3
95,3.8,Company - Private,data scientist,na,0,86,142,114.0,Logic20/20,15,1,0,1,1,1,CA,0,0
96,4.2,Company - Private,data scientist,na,0,64,107,85.5,goTRG,12,1,0,1,0,1,FL,1,0
99,3.5,Company - Private,analyst,na,0,34,62,48.0,iSeatz,21,0,0,0,0,1,LA,1,0
102,3.9,Company - Public,data scientist,na,0,64,106,85.0,TransUnion,52,1,0,1,0,0,GA,0,0
105,4.2,Company - Private,analyst,na,0,52,93,72.5,Scientific Research Corporation,32,0,0,0,0,1,MD,0,0
107,3.2,Nonprofit Organization,data scientist,na,0,72,123,97.5,MITRE,62,1,0,0,0,1,VA,0,3
108,3.9,Company - Private,data scientist,na,0,74,124,99.0,The Buffalo Group,10,1,0,0,0,1,VA,0,3
109,3.1,Company - Private,analyst,na,0,40,73,56.5,DentaQuest,19,0,0,0,0,1,WI,0,3
110,4.1,Company - Private,data scientist,senior,0,102,164,133.0,Redjack,13,1,0,0,0,0,MD,1,0
112,3.8,Company - Private,data scientist,na,0,89,153,121.0,7Park Data,8,1,0,1,0,0,NY,1,0
113,4.7,Company - Private,data scientist,na,0,61,110,85.5,Rapid Response Monitoring,28,1,0,0,0,0,NY,1,3
116,4.3,Subsidiary or Business Segment,data scientist,na,0,65,110,87.5,Trilogy Ed,5,1,0,0,0,0,TX,0,3
117,4.2,Company - Private,data scientist,senior,0,200,275,237.5,Gallup,85,1,0,0,0,1,DC,1,3
118,3.9,Company - Private,data engineer,na,0,68,123,95.5,CapTech,23,1,0,1,0,0,NC,0,3
119,3.3,Company - Public,data scientist,senior,0,80,129,104.5,American Axle & Manufacturing,26,1,0,1,1,1,MI,0,0
120,4.7,Company - Private,analyst,na,0,41,72,56.5,CentralReach,8,0,0,0,0,1,NJ,0,3
122,4.3,Company - Private,analyst,senior,0,39,71,55.0,Integrate,10,0,0,0,0,1,AZ,1,0
124,4.5,Company - Private,data scientist,na,0,121,193,157.0,Demandbase,14,0,0,1,1,0,CA,1,3
125,3.4,Company - Private,data engineer,na,0,54,102,78.0,Sapphire Digital,1,1,0,0,0,0,NJ,1,2
126,3.7,Company - Public,data scientist,na,0,83,144,113.5,Takeda Pharmaceuticals,239,1,0,1,0,0,MA,0,3
127,4.6,Company - Private,data scientist,na,0,120,160,140.0,<intent>,11,1,0,1,0,0,NY,1,2
128,3.2,Company - Private,data scientist,na,0,102,163,132.5,Formation,5,0,0,1,0,1,CA,1,0
129,4.0,Company - Public,data engineer,na,0,76,140,108.0,Autodesk,38,1,0,1,0,0,CA,0,0
130,4.6,Company - Private,data scientist,na,0,60,101,80.5,Beck's Hybrids,83,0,0,0,0,0,IN,1,0
131,2.8,Company - Private,data scientist,na,0,82,133,107.5,DrFirst,20,1,0,0,0,0,MD,1,0
132,4.7,Company - Private,data engineer,na,0,65,125,95.0,Object Partners,24,0,0,1,1,0,MN,1,2
136,3.0,Nonprofit Organization,data scientist,na,0,91,148,119.5,L.A. Care Health Plan,23,1,0,1,0,0,CA,1,3
137,3.2,Company - Private,data engineer,senior,0,95,173,134.0,Red Ventures,20,0,0,1,1,0,NC,0,3
138,4.4,Company - Private,data scientist,na,0,77,124,100.5,Quick Base,21,1,0,0,0,1,MA,1,0
139,3.5,Company - Public,data scientist,na,0,80,135,107.5,The E.W. Scripps Company,142,1,0,0,0,0,OH,1,0
140,4.0,Company - Private,data engineer,na,0,85,159,122.0,Upside Business Travel,5,1,0,1,1,0,DC,1,0
141,4.3,Company - Public,data engineer,na,0,80,105,92.5,Equity Residential,27,1,0,1,0,1,IL,1,3
142,2.3,Company - Private,analyst,na,0,43,81,62.0,Synagro,34,0,0,0,0,1,MD,1,0
145,3.6,Company - Private,data scientist,na,0,82,133,107.5,Accuride International,54,0,0,0,0,1,CA,0,0
146,3.8,Company - Private,manager,na,0,26,55,40.5,Full Potential Solutions,3,1,0,0,1,1,MO,1,0
147,3.7,Company - Public,data scientist,senior,0,61,118,89.5,Visa Inc.,62,1,0,1,0,0,VA,0,3
148,4.4,Company - Private,data scientist,na,0,60,102,81.0,Maven Wave Partners,12,1,0,0,1,1,IL,1,0
150,4.0,Company - Private,data scientist,senior,0,112,182,147.0,Novetta,8,1,0,0,1,0,VA,0,3
152,3.2,Company - Private,data scientist,na,0,64,106,85.0,"First Command Financial Services, Inc.",62,1,0,0,0,1,TX,1,3
156,4.3,Company - Private,mle,na,0,72,129,100.5,Stratagem Group,13,1,0,1,1,1,CO,1,0
157,3.4,Company - Private,data scientist,na,0,71,123,97.0,PA Consulting,77,1,0,1,0,1,NY,0,3
158,4.1,Company - Public,data scientist,na,0,64,106,85.0,ManTech,52,0,0,0,0,0,VA,0,0
159,4.3,Company - Private,data scientist,na,0,118,189,153.5,h2o.ai,9,1,0,1,1,1,CA,1,0
161,5.0,Company - Private,data engineer,na,0,120,145,132.5,Gridiron IT,3,0,0,0,0,0,FL,0,0
162,4.3,Company - Private,data engineer,na,0,80,120,100.0,Productive Edge,12,0,0,1,0,1,IL,1,3
164,3.7,Company - Private,data scientist,senior,0,80,130,105.0,Evolve Vacation Rental,9,1,0,0,0,0,CO,1,0
166,4.2,Nonprofit Organization,data engineer,na,0,59,115,87.0,The Church of Jesus Christ of Latter-day Saints,-1,0,0,0,1,1,UT,0,0
167,4.3,Company - Private,analyst,na,0,71,136,103.5,Maximus Real Estate Partners,7,0,0,0,0,1,CA,1,3
169,3.8,Government,data scientist,na,0,49,85,67.0,PNNL,55,1,0,0,0,0,WA,1,3
170,3.9,Company - Private,data engineer,na,0,60,114,87.0,AVANADE,20,0,0,0,0,0,DC,0,3
171,4.3,Company - Private,data scientist,na,0,71,204,137.5,h2o.ai,9,1,0,1,1,1,IL,0,0
172,3.8,Company - Private,data scientist,senior,0,75,125,100.0,PatientPoint,33,1,0,0,0,1,OH,1,3
174,3.8,Nonprofit Organization,data engineer,na,0,77,136,106.5,BlueCross BlueShield of Tennessee,75,0,0,0,0,1,TN,1,0
175,3.8,Government,data scientist,senior,0,74,123,98.5,PNNL,55,0,0,0,0,0,WA,1,3
177,4.8,Company - Private,analyst,senior,0,44,78,61.0,KnowBe4,10,1,0,0,0,1,FL,1,0
179,3.9,Company - Private,data engineer,na,0,59,110,84.5,Cogo Labs,15,1,0,1,0,0,MA,1,0
180,3.4,Company - Public,manager,na,0,85,134,109.5,Church & Dwight,174,1,0,0,0,1,NJ,1,0
181,3.6,Company - Private,data scientist,senior,0,124,204,164.0,MassMutual,169,1,0,1,1,0,MA,0,0
182,3.9,Subsidiary or Business Segment,data scientist,senior,0,131,207,169.0,Genentech,44,1,0,1,0,1,CA,1,0
183,3.8,Company - Public,data scientist,senior,0,110,174,142.0,Juniper Networks,24,1,0,1,1,1,CA,0,0
187,3.8,Company - Private,data scientist,na,0,81,133,107.0,Legal & General America,39,1,0,0,0,1,MD,1,0
188,3.5,Company - Public,data scientist,na,0,132,211,171.5,Western Digital,50,1,0,0,1,0,CA,1,2
190,3.9,Company - Private,data scientist,senior,0,73,119,96.0,Health IQ,7,0,0,0,0,1,TX,0,0
191,4.2,Company - Private,data scientist,na,0,110,175,142.5,Nuna,10,0,0,0,0,0,CA,1,0
192,4.2,Nonprofit Organization,data engineer,na,0,74,140,107.0,The Church of Jesus Christ of Latter-day Saints,-1,0,0,0,0,1,UT,0,0
194,2.9,Nonprofit Organization,analyst,senior,0,43,80,61.5,National Student Clearinghouse,27,1,0,0,0,1,VA,1,3
198,2.7,Government,data scientist,na,0,91,149,120.0,State of Wisconsin Investment Board,69,1,0,0,0,0,WI,1,0
200,4.0,Company - Public,data scientist,senior,0,116,185,150.5,Autodesk,38,1,0,1,0,0,CA,0,0
201,4.3,Company - Private,manager,na,0,59,116,87.5,OneMagnify,53,0,0,0,0,1,MI,0,0
202,4.2,Company - Public,data engineer,na,0,48,95,71.5,IZEA,14,1,0,1,1,1,FL,1,2
203,3.6,Subsidiary or Business Segment,analyst,na,0,31,72,51.5,Vionic Group,14,0,0,0,0,1,CA,1,0
205,2.8,Company - Private,analyst,senior,0,55,100,77.5,Dodge Data & Analytics,6,1,0,0,0,1,NJ,1,0
207,3.3,Company - Private,data scientist,senior,0,73,124,98.5,Plymouth Rock Assurance,38,0,0,0,0,1,NJ,0,2
208,-1.0,Company - Private,data scientist,senior,0,200,250,225.0,CA-One Tech Cloud,3,1,0,0,1,1,CA,0,0
211,3.4,Company - Public,data scientist,senior,0,111,183,147.0,Argo Group US,72,1,0,1,1,0,NY,0,0
212,4.1,Company - Private,analyst,na,0,44,78,61.0,Associated Electric Cooperative,59,0,0,0,0,1,MO,1,0
213,2.6,College / University,mle,na,0,81,159,120.0,Software Engineering Institute,36,1,0,0,0,0,PA,1,0
216,3.9,Company - Private,data scientist,senior,0,114,182,148.0,Zest AI,11,1,0,0,0,0,CA,1,0
217,4.7,Company - Private,analyst,na,0,42,76,59.0,DECISIVE ANALYTICS Corporation,24,1,0,0,0,1,AL,0,2
221,3.7,Company - Public,data scientist,senior,0,114,179,146.5,The Hanover Insurance Group,168,1,0,0,0,1,MA,1,0
224,3.0,Company - Private,mle,senior,0,100,166,133.0,Tempus Labs,5,1,0,0,1,0,IL,1,0
225,4.7,Company - Private,data scientist,senior,0,108,173,140.5,Recursion Pharmaceuticals,7,1,0,0,1,0,UT,1,0
226,3.7,Company - Private,data engineer,na,0,48,93,70.5,P2 Energy Solutions,-1,0,0,0,0,1,LA,0,0
233,3.9,Company - Private,mle,na,0,138,224,181.0,Tapjoy,13,1,0,1,0,0,CA,1,2
235,4.1,Company - Private,data engineer,senior,0,190,220,205.0,Credit Sesame,10,1,0,1,1,0,CA,1,3
239,3.6,Company - Private,analyst,na,0,35,62,48.5,San Manuel Casino,34,0,0,0,0,1,CA,1,0
243,2.6,College / University,mle,senior,0,81,167,124.0,Software Engineering Institute,36,0,0,0,0,0,PA,1,0
245,3.5,Nonprofit Organization,manager,na,0,42,86,64.0,Central California Alliance for Health,24,0,0,0,0,0,CA,1,0
246,3.0,Company - Private,data engineer,senior,0,69,127,98.0,Pilot Flying J Travel Centers LLC,62,1,0,0,0,0,TN,1,3
251,3.4,Company - Public,data engineer,senior,0,75,140,107.5,Echo Global Logistics,15,0,0,0,0,0,IL,1,3
253,3.8,Company - Private,data scientist,na,0,86,139,112.5,Truckstop.com,25,1,0,0,1,1,IL,0,0
254,3.7,Company - Public,data scientist,na,0,66,112,89.0,Lockheed Martin,25,1,0,1,0,1,VA,0,3
255,4.8,Company - Private,data scientist,senior,0,76,125,100.5,Acuity Insurance,95,0,0,0,0,0,WI,1,0
256,3.8,Company - Private,analyst,na,0,44,86,65.0,Fareportal,18,0,0,0,0,1,NY,1,3
258,4.3,Subsidiary or Business Segment,data scientist,na,0,53,92,72.5,Credera,21,1,0,1,1,1,TX,1,0
259,4.8,Company - Private,analyst,senior,0,44,78,61.0,KnowBe4,10,1,0,0,0,1,FL,1,0
260,3.4,Company - Public,manager,na,0,85,134,109.5,Church & Dwight,174,1,0,0,0,1,NJ,1,0
262,3.9,Company - Private,data engineer,na,0,59,110,84.5,Cogo Labs,15,1,0,1,0,0,MA,1,0
263,3.4,Company - Private,data scientist,na,0,64,111,87.5,Spectrum Communications and Consulting,28,0,0,0,0,0,IL,1,0
264,3.1,Company - Public,analyst,na,0,65,120,92.5,NCSOFT,23,1,1,0,0,1,CA,0,3
265,3.2,Nonprofit Organization,data scientist,na,0,60,103,81.5,MITRE,62,1,0,1,0,0,VA,0,3
266,4.3,Company - Private,analyst,na,0,53,105,79.0,"Dayton Freight Lines, Inc.",39,0,0,0,0,0,OH,1,2
267,3.6,Company - Private,data scientist,senior,0,124,204,164.0,MassMutual,169,1,0,1,1,0,MA,0,0
268,3.9,Subsidiary or Business Segment,data scientist,senior,0,131,207,169.0,Genentech,44,1,0,1,0,1,CA,1,0
269,3.8,Company - Public,data scientist,senior,0,110,174,142.0,Juniper Networks,24,1,0,1,1,1,CA,0,0
270,2.8,Nonprofit Organization,analyst,na,0,33,62,47.5,Community Action Partnership of San Luis Obispo,-1,0,0,0,0,1,CA,0,0
274,3.4,Company - Private,analyst,na,0,48,90,69.0,TrueAccord,7,1,0,0,0,1,CA,1,0
275,4.0,Company - Private,analyst,na,0,34,64,49.0,DRB Systems,36,1,1,0,0,1,ID,0,0
276,3.5,Company - Public,data scientist,na,0,132,211,171.5,Western Digital,50,1,0,0,1,0,CA,1,2
277,3.8,Company - Private,data scientist,na,0,81,133,107.0,Legal & General America,39,1,0,0,0,1,MD,1,0
278,3.7,Company - Private,analyst,na,0,42,76,59.0,Corcentric,24,0,0,0,0,1,NJ,1,0
281,3.5,Company - Private,data scientist,na,0,66,111,88.5,U.Group,1,0,0,0,1,0,IN,0,0
282,4.2,Nonprofit Organization,data engineer,na,0,74,140,107.0,The Church of Jesus Christ of Latter-day Saints,-1,0,0,0,0,1,UT,0,0
284,4.0,Company - Public,data scientist,na,0,63,110,86.5,Pfizer,171,1,0,0,1,1,MA,0,0
285,4.3,Nonprofit Organization,data scientist,na,0,63,105,84.0,SMC 3,85,1,0,0,0,1,KY,0,0
290,4.4,Company - Public,data engineer,na,0,62,114,88.0,Eventbrite,14,1,0,1,1,1,TN,0,3
291,4.1,Company - Private,data engineer,na,0,71,129,100.0,Centro,19,1,0,1,1,0,IL,1,3
292,2.9,Nonprofit Organization,analyst,senior,0,43,80,61.5,National Student Clearinghouse,27,1,0,0,0,1,VA,1,3
293,2.5,Company - Public,data scientist,na,0,74,119,96.5,comScore,21,1,0,1,0,0,OR,0,3
295,4.2,Company - Private,analyst,na,0,55,97,76.0,SullivanCotter,28,1,0,0,0,1,MN,0,3
296,3.9,Company - Private,data scientist,na,0,15,16,15.5,NPD,54,0,0,0,0,1,NY,1,0
299,4.3,Company - Private,data scientist,na,0,61,106,83.5,Bakery Agency,10,1,0,0,0,1,TX,1,0
300,2.7,Government,data scientist,na,0,91,149,120.0,State of Wisconsin Investment Board,69,1,0,0,0,0,WI,1,0
302,3.9,Subsidiary or Business Segment,data scientist,na,0,127,199,163.0,Genentech,44,0,0,0,0,1,CA,1,0
305,3.4,Nonprofit Organization,analyst,senior,0,74,126,100.0,Blue Cross & Blue Shield of Rhode Island,81,0,0,0,1,0,RI,1,1
308,3.3,Nonprofit Organization,analyst,na,0,37,63,50.0,The HSC Health Care System,137,0,0,0,0,1,DC,1,0
309,3.4,Company - Private,data engineer,na,0,67,119,93.0,Pro-Sphere Tek,14,1,0,0,1,0,TX,0,0
310,3.0,Company - Private,data scientist,na,0,72,117,94.5,Ameritas Life Insurance Corp,133,1,0,0,0,0,OH,0,0
311,4.0,Company - Public,data scientist,senior,0,116,185,150.5,Autodesk,38,1,0,1,0,0,CA,0,0
312,3.7,Company - Public,data scientist,na,0,78,126,102.0,Genworth,16,1,0,1,1,1,NC,0,3
314,4.3,Company - Private,manager,na,0,59,116,87.5,OneMagnify,53,0,0,0,0,1,MI,0,0
316,4.0,Company - Public,data scientist,na,0,63,105,84.0,Pfizer,171,0,0,0,1,1,CT,0,0
317,4.0,Company - Private,data scientist,na,0,109,177,143.0,Novetta,8,1,0,0,1,0,VA,0,3
318,3.2,Company - Private,data scientist,senior,0,116,194,155.0,"Numeric, LLC",-1,1,0,1,1,1,PA,0,0
319,4.2,Company - Public,data engineer,na,0,48,95,71.5,IZEA,14,1,0,1,1,1,FL,1,2
320,3.9,Company - Private,data scientist,na,0,83,133,108.0,Trace Data,20,1,0,1,0,0,CA,0,0
323,3.6,Subsidiary or Business Segment,analyst,na,0,31,72,51.5,Vionic Group,14,0,0,0,0,1,CA,1,0
325,2.8,Company - Private,analyst,senior,0,55,100,77.5,Dodge Data & Analytics,6,1,0,0,0,1,NJ,1,0
326,4.2,Company - Private,analyst,na,0,45,82,63.5,Clearwater Analytics,16,0,0,0,0,1,ID,1,0
328,4.0,Company - Private,data scientist,na,0,83,135,109.0,"Tekvalley, Corp.",-1,1,0,0,0,0,CA,0,0
330,3.5,Company - Public,data scientist,na,0,70,122,96.0,BWX Technologies,170,1,0,0,0,0,TN,0,0
331,-1.0,Company - Private,data scientist,senior,0,200,250,225.0,CA-One Tech Cloud,3,1,0,0,1,1,CA,0,0
332,3.2,Company - Public,data engineer,na,0,70,132,101.0,PennyMac,12,1,0,0,1,1,CA,0,3
333,3.3,Company - Private,data scientist,senior,0,73,124,98.5,Plymouth Rock Assurance,38,0,0,0,0,1,NJ,0,2
334,3.9,Company - Private,data engineer,na,0,54,101,77.5,Vermeer,72,0,0,0,0,1,IA,1,3
339,3.4,Company - Public,data scientist,senior,0,111,183,147.0,Argo Group US,72,1,0,1,1,0,NY,0,0
341,3.5,Company - Public,data scientist,na,0,68,112,90.0,L&T Infotech,23,1,0,0,0,1,CA,0,3
342,4.3,Company - Public,analyst,na,0,42,74,58.0,OceanFirst Financial,118,0,0,0,1,0,NJ,0,0
344,4.1,Company - Private,analyst,na,0,44,78,61.0,Associated Electric Cooperative,59,0,0,0,0,1,MO,1,0
346,2.6,College / University,mle,na,0,81,159,120.0,Software Engineering Institute,36,1,0,0,0,0,PA,1,0
347,3.6,Company - Public,data scientist,na,0,95,161,128.0,Sotheby's,276,1,0,0,0,0,NY,1,0
348,3.5,Company - Private,data scientist,na,0,75,124,99.5,First Tech Federal Credit Union,68,1,0,1,1,1,OR,0,0
349,3.6,Company - Private,data scientist,na,0,72,120,96.0,Amrock,23,1,0,0,0,0,MI,1,0
350,2.3,Company - Public,data scientist,na,0,76,126,101.0,Vanda Pharmaceuticals,17,1,0,0,0,1,DC,1,0
351,3.9,Company - Private,data scientist,senior,0,114,182,148.0,Zest AI,11,1,0,0,0,0,CA,1,0
352,4.0,Company - Private,data scientist,senior,0,108,176,142.0,Novetta,8,1,0,0,1,0,VA,0,3
353,4.1,Company - Private,data scientist,senior,0,130,208,169.0,CK-12 Foundation,13,0,0,0,1,1,CA,1,0
355,4.7,Company - Private,analyst,na,0,42,76,59.0,DECISIVE ANALYTICS Corporation,24,1,0,0,0,1,AL,0,2
357,4.6,Company - Private,data engineer,na,0,52,99,75.5,Applied Information Sciences,38,0,0,1,0,0,TX,0,0
358,3.7,Company - Public,data scientist,senior,0,105,173,139.0,Swiss Re,157,1,0,0,0,1,NY,0,3
362,3.7,Company - Public,data engineer,na,0,71,134,102.5,Takeda Pharmaceuticals,239,1,0,1,1,1,MA,0,3
366,3.7,Company - Public,data scientist,senior,0,114,179,146.5,The Hanover Insurance Group,168,1,0,0,0,1,MA,1,0
368,3.6,Company - Private,analyst,senior,0,60,102,81.0,MassMutual,169,1,0,0,0,0,MA,1,0
369,3.0,Company - Private,mle,senior,0,100,166,133.0,Tempus Labs,5,1,0,0,1,0,IL,1,0
370,3.4,Subsidiary or Business Segment,analyst,na,0,55,99,77.0,General Dynamics Information Technology,24,0,0,0,0,1,DC,0,3
371,4.1,Company - Public,data engineer,na,0,67,117,92.0,ManTech,52,0,0,0,0,0,VA,1,0
372,3.8,Company - Public,data scientist,senior,0,92,150,121.0,Novartis,24,0,0,0,0,0,MA,0,0
375,4.0,Company - Public,data engineer,senior,0,116,209,162.5,Autodesk,38,1,0,1,0,1,CA,0,0
379,4.4,Company - Private,data engineer,na,0,62,119,90.5,SpringML,5,1,0,1,0,0,IN,0,0
380,3.8,Company - Public,data scientist,na,0,86,143,114.5,Novartis,24,1,0,0,0,0,MA,0,0
381,3.8,Company - Public,data scientist,na,0,93,149,121.0,Juniper Networks,24,1,0,1,0,1,CA,1,0
382,2.2,Subsidiary or Business Segment,data scientist,senior,0,84,136,110.0,The Integer Group,27,0,0,0,0,0,TX,0,3
384,4.1,Company - Public,analyst,na,0,52,89,70.5,ManTech,52,0,0,0,0,0,VA,0,0
386,3.7,Company - Private,data engineer,na,0,48,93,70.5,P2 Energy Solutions,-1,0,0,0,0,1,LA,0,0
387,3.8,Government,data scientist,na,0,56,97,76.5,PNNL,55,1,0,0,0,0,WA,1,3
388,3.6,Company - Private,data engineer,na,0,65,119,92.0,MassMutual,169,1,0,1,0,1,MA,1,0
390,4.7,Company - Private,data scientist,senior,0,108,173,140.5,Recursion Pharmaceuticals,7,1,0,0,1,0,UT,1,0
396,3.3,Company - Private,data scientist,na,0,127,202,164.5,Samba TV,12,0,0,0,0,0,CA,1,0
397,3.4,Company - Public,analyst,na,0,31,57,44.0,SV Microwave,29,0,0,0,0,0,FL,1,0
399,4.4,Company - Private,data engineer,na,0,75,143,109.0,SpringML,5,1,0,1,0,0,VA,0,0
400,3.8,Company - Private,data engineer,na,0,105,194,149.5,Sumo Logic,10,0,0,1,1,0,TX,0,3
401,3.5,Company - Private,data engineer,na,0,45,86,65.5,EAB,13,0,0,1,1,1,DC,1,0
403,3.5,Company - Public,data scientist,senior,0,95,154,124.5,Brighthouse Financial,3,1,0,1,0,1,NC,1,0
406,2.9,Company - Private,data engineer,na,0,80,148,114.0,Affinity Solutions,22,1,0,1,0,0,CA,0,3
407,3.9,Nonprofit Organization,analyst,na,0,36,62,49.0,Citadel Federal Credit Union,83,1,0,0,0,0,PA,1,3
410,3.7,Company - Private,analyst,na,0,50,92,71.0,CALIBRE Systems,31,0,0,0,0,1,VA,1,3
411,3.6,Company - Private,director,na,0,67,135,101.0,MassMutual,169,0,0,0,0,0,MA,0,0
412,3.5,Company - Private,data scientist,na,0,82,132,107.0,Esri,51,1,0,1,1,0,CA,1,1
413,4.7,Company - Private,data scientist,na,0,85,140,112.5,New England Biolabs,46,1,0,0,0,1,MA,1,3
414,3.9,Company - Private,mle,na,0,138,224,181.0,Tapjoy,13,1,0,1,0,0,CA,1,2
415,3.7,Company - Public,analyst,na,0,42,80,61.0,Motorola Solutions,92,1,0,1,0,0,IL,1,3
416,4.1,Company - Private,data engineer,senior,0,190,220,205.0,Credit Sesame,10,1,0,1,1,0,CA,1,3
419,3.6,Company - Private,manager,na,0,34,92,63.0,MassMutual,169,0,0,0,0,1,MA,1,0
421,3.5,Company - Private,data engineer,na,0,65,124,94.5,Alignment Healthcare,7,1,0,1,1,1,CA,1,0
425,3.6,Company - Private,analyst,na,0,35,62,48.5,San Manuel Casino,34,0,0,0,0,1,CA,1,0
428,3.7,Company - Public,mle,na,0,61,113,87.0,Cboe Global Markets,47,1,0,0,0,1,KS,0,0
430,3.2,Company - Private,data engineer,na,0,43,86,64.5,Guidepoint,17,1,0,0,1,1,NY,1,3
433,3.7,Company - Public,data engineer,na,0,113,196,154.5,Takeda Pharmaceuticals,239,0,0,1,1,1,MA,0,3
434,2.6,College / University,mle,senior,0,81,167,124.0,Software Engineering Institute,36,0,0,0,0,0,PA,1,0
435,4.4,Company - Private,data scientist,senior,0,97,160,128.5,Maven Wave Partners,12,1,0,0,1,1,IL,1,0
442,3.5,Nonprofit Organization,manager,na,0,42,86,64.0,Central California Alliance for Health,24,0,0,0,0,0,CA,1,0
443,3.0,Company - Private,data engineer,senior,0,69,127,98.0,Pilot Flying J Travel Centers LLC,62,1,0,0,0,0,TN,1,3
444,4.2,Company - Private,data scientist,na,0,110,175,142.5,Nuna,10,0,0,0,0,0,CA,1,0
446,3.9,Company - Public,data scientist,senior,0,102,172,137.0,AstraZeneca,107,1,0,0,0,0,NY,0,3
447,4.0,Nonprofit Organization,data engineer,na,0,74,124,99.0,Pinnacol Assurance,105,1,0,0,1,0,CO,1,0
449,4.4,Company - Private,data scientist,senior,0,108,171,139.5,MathWorks,36,1,0,0,0,0,MA,1,0
450,3.4,Company - Private,data engineer,na,0,76,142,109.0,MetroStar Systems,21,0,0,0,1,0,MD,0,0
452,3.3,Company - Private,director,na,0,202,306,254.0,Liberty Mutual Insurance,108,1,0,0,0,0,IL,0,3
459,3.3,Company - Private,analyst,na,0,32,59,45.5,National Interstate,31,0,0,0,0,0,OH,1,0
461,4.5,Company - Private,data engineer,senior,0,87,158,122.5,Moser Consulting,24,1,0,1,1,0,IN,1,0
462,3.9,Company - Public,data scientist,senior,0,107,173,140.0,TransUnion,52,1,0,0,0,1,IL,1,0
468,4.8,Company - Private,manager,na,0,45,78,61.5,HOVER,9,0,0,0,0,1,CA,1,0
471,3.4,Company - Private,data engineer,na,0,61,119,90.0,Arbella Insurance,32,0,0,1,0,1,MA,1,0
476,3.8,Subsidiary or Business Segment,data scientist,na,0,68,114,91.0,Zimmerman Advertising,36,1,0,0,0,1,FL,1,0
477,5.0,Company - Private,data scientist,na,0,150,160,155.0,BPA Services,-1,0,0,0,1,1,DC,0,0
482,4.0,Company - Public,data scientist,senior,0,125,210,167.5,Pfizer,171,0,0,0,1,1,NY,1,0
483,3.8,Company - Public,analyst,na,0,43,77,60.0,Associated Banc-Corp,150,0,0,0,1,1,WI,1,3
485,3.9,Company - Private,data scientist,senior,0,139,221,180.0,Zest AI,11,1,0,0,0,1,CA,1,0
486,3.8,Company - Private,analyst,na,0,44,86,65.0,Fareportal,18,0,0,0,0,1,NY,1,3
487,4.3,Company - Private,data engineer,senior,0,78,147,112.5,Genesys,30,1,0,1,1,0,NC,0,3
488,1.9,Company - Private,analyst,senior,0,65,110,87.5,Moda Operandi,10,1,0,0,0,1,NY,1,3
492,3.4,Company - Public,data engineer,senior,0,90,110,100.0,Tivity Health,39,0,0,0,0,0,AZ,0,0
493,4.4,Company - Private,data engineer,na,0,61,109,85.0,BRMi,16,1,0,1,1,0,VA,0,0
494,3.9,Company - Private,data scientist,senior,0,93,151,122.0,Luminar Technologies,8,1,0,0,1,0,FL,1,0
497,4.7,Company - Private,data engineer,senior,0,97,180,138.5,Praetorian,10,1,0,1,0,0,TX,1,0
498,3.4,Company - Private,data scientist,na,0,81,134,107.5,PA Consulting,77,0,0,1,0,1,MA,0,3
502,3.4,Company - Public,data engineer,senior,0,75,140,107.5,Echo Global Logistics,15,0,0,0,0,0,IL,1,3
505,4.0,Company - Private,data engineer,senior,0,121,203,162.0,Glassdoor,13,1,0,1,1,1,CA,0,2
507,3.4,Company - Public,data scientist,senior,0,81,140,110.5,Assurant,42,0,0,0,0,1,OH,0,3
508,3.7,Company - Public,data scientist,na,0,63,99,81.0,Caterpillar,95,0,0,0,0,0,IL,0,3
509,4.3,Company - Public,data scientist,senior,0,110,150,130.0,Equity Residential,27,1,0,1,0,1,IL,1,3
510,3.7,Subsidiary or Business Segment,data engineer,senior,0,83,148,115.5,F&G,-1,1,0,0,0,1,IA,1,0
512,3.8,Government,data scientist,senior,0,60,101,80.5,PNNL,55,0,0,0,0,0,WA,1,3
516,4.6,Company - Private,analyst,na,0,31,55,43.0,GreatAmerica Financial Services,28,0,0,0,0,1,IA,1,0
517,4.4,Company - Public,director,na,0,102,178,140.0,Acceleron Pharma,17,0,0,0,0,1,MA,1,0
519,3.0,Company - Private,analyst,senior,0,48,85,66.5,AmeriHealth Caritas,37,0,0,0,0,1,PA,1,3
520,4.7,Company - Private,data engineer,senior,0,66,123,94.5,Strategic Employment Partners,14,1,0,0,1,0,CA,0,0
521,3.8,Government,data scientist,senior,0,92,146,119.0,PNNL,55,0,0,0,0,0,WA,0,3
523,2.7,Company - Public,analyst,senior,1,20,34,13.5,FLEETCOR,20,0,0,0,0,1,TN,0,0
524,3.3,Company - Private,director,na,0,150,239,194.5,Liberty Mutual Insurance,108,1,0,0,0,0,IL,0,3
526,3.7,College / University,data scientist,na,0,82,129,105.5,Applied Research Laboratories,-1,1,0,0,1,0,TX,1,0
530,3.7,Company - Public,analyst,na,0,49,76,62.5,Raytheon,98,0,0,0,0,1,AL,0,0
533,3.6,Company - Private,director,na,0,124,199,161.5,TRANZACT,31,1,0,0,1,1,NJ,1,0
534,2.1,Other Organization,analyst,senior,0,52,93,72.5,United BioSource,17,0,0,0,0,1,PA,1,2
535,3.9,Company - Public,data engineer,senior,0,97,181,139.0,Figure Eight,12,1,0,0,1,1,CA,1,0
537,3.9,Company - Private,data engineer,senior,0,100,173,136.5,Tapjoy,13,0,0,0,0,0,CA,1,2
538,3.8,Company - Private,data scientist,na,0,53,96,74.5,Fareportal,18,1,0,1,0,0,NY,1,3
540,3.5,Company - Public,data scientist,na,0,56,95,75.5,Sartorius,150,1,0,0,0,1,NM,0,0
541,4.7,Company - Private,data scientist,na,0,111,176,143.5,1904labs,4,1,0,1,0,0,MO,1,2
542,5.0,Company - Private,data scientist,na,0,75,127,101.0,Royce Geospatial,6,1,0,0,0,0,VA,0,0
543,3.6,Company - Private,data engineer,na,0,65,119,92.0,MassMutual,169,1,0,1,0,1,MA,1,0
544,3.8,Government,data scientist,na,0,56,97,76.5,PNNL,55,1,0,0,0,0,WA,1,3
545,4.7,Company - Private,data scientist,senior,0,108,173,140.5,Recursion Pharmaceuticals,7,1,0,0,1,0,UT,1,0
546,3.6,Company - Public,data scientist,na,0,94,139,116.5,Citi,208,0,0,0,0,1,NJ,0,0
548,4.7,Subsidiary or Business Segment,mle,senior,0,176,289,232.5,Sage Intacct,21,1,0,0,0,0,CA,0,0
549,3.5,Company - Private,data scientist,na,0,92,149,120.5,Scale AI,4,1,0,0,0,0,CA,1,0
554,2.7,Company - Public,data scientist,na,0,118,188,153.0,Change Healthcare,13,1,0,1,1,0,CA,0,0
555,3.4,Company - Private,data scientist,na,0,108,146,127.0,MZ,12,1,0,1,0,0,CA,1,0
556,4.7,Company - Private,data scientist,na,0,65,106,85.5,HG Insights,10,1,0,1,0,1,CA,1,0
557,2.8,Company - Public,data scientist,na,0,55,98,76.5,"1-800-FLOWERS.COM, Inc.",44,1,0,0,0,1,NY,1,0
558,3.5,Subsidiary or Business Segment,data scientist,na,0,94,162,128.0,CBS Interactive,28,1,0,1,0,0,NY,0,3
560,3.2,Company - Private,data engineer,na,0,63,120,91.5,"Numeric, LLC",-1,1,0,1,1,1,PA,0,0
562,3.3,Company - Private,data scientist,na,0,127,202,164.5,Samba TV,12,0,0,0,0,0,CA,1,0
565,3.4,Company - Public,analyst,na,0,31,57,44.0,SV Microwave,29,0,0,0,0,0,FL,1,0
566,3.8,Company - Private,data engineer,na,0,105,194,149.5,Sumo Logic,10,0,0,1,1,0,TX,0,3
567,3.5,Company - Private,data engineer,na,0,45,86,65.5,EAB,13,0,0,1,1,1,DC,1,0
568,4.4,Company - Private,data engineer,na,0,75,143,109.0,SpringML,5,1,0,1,0,0,VA,0,0
570,3.7,Subsidiary or Business Segment,data engineer,na,0,126,228,177.0,Samsung Research America,32,1,0,1,1,0,CA,1,3
572,4.7,Company - Private,data scientist,na,0,80,134,107.0,Systems & Technology Research,10,1,0,1,0,1,VA,0,0
573,4.1,Company - Private,data scientist,na,0,120,189,154.5,Netskope,8,1,0,1,0,1,CA,1,3
575,4.0,Company - Private,data scientist,na,0,85,142,113.5,Lorven Technologies Inc,-1,1,0,1,0,0,CA,0,0
576,3.5,Company - Public,data scientist,senior,0,95,154,124.5,Brighthouse Financial,3,1,0,1,0,1,NC,1,0
577,2.5,Company - Private,data scientist,na,0,111,176,143.5,CareDx,-1,1,0,0,0,1,CA,1,1
578,3.9,Company - Private,data scientist,na,0,87,140,113.5,Serigor Inc.,-1,1,0,0,0,0,CA,0,0
579,3.4,Company - Public,data scientist,na,0,76,127,101.5,Leidos,51,1,0,0,1,0,VA,0,0
580,3.6,Subsidiary or Business Segment,analyst,na,0,54,92,73.0,Beckman Coulter Diagnostics,85,0,0,0,1,1,NY,0,3
582,3.5,Company - Public,data scientist,na,0,61,100,80.5,IHS Markit,4,1,0,0,1,0,NY,0,2
583,-1.0,Company - Private,data scientist,na,0,81,140,110.5,ALIN,-1,1,0,0,0,0,NY,0,0
585,2.9,Company - Private,data engineer,na,0,80,148,114.0,Affinity Solutions,22,1,0,1,0,0,CA,0,3
586,3.5,Company - Private,data scientist,na,0,108,171,139.5,e-IT Professionals Corp.,-1,1,0,0,0,0,CA,0,0
587,4.8,Company - Private,data scientist,na,0,112,179,145.5,TechProjects,9,1,0,0,0,1,NY,0,0
588,4.0,Company - Private,data scientist,na,0,63,111,87.0,Biz2Credit Inc,13,0,0,0,0,1,NY,1,3
589,4.2,Company - Private,data scientist,na,0,75,126,100.5,PeoplesBank,135,0,0,0,0,1,MA,1,0
590,3.8,Company - Public,data scientist,na,0,110,184,147.0,Capgemini,53,1,0,1,0,1,NY,0,3
591,3.7,Company - Private,data engineer,na,0,76,145,110.5,GNY Insurance Companies,106,1,0,0,0,1,NY,1,3
594,3.9,Nonprofit Organization,analyst,na,0,36,62,49.0,Citadel Federal Credit Union,83,1,0,0,0,0,PA,1,3
595,4.6,Company - Private,data scientist,na,0,70,118,94.0,"Conch Technologies, Inc",-1,1,0,1,1,0,MA,0,0
597,4.3,Company - Public,data scientist,senior,0,94,153,123.5,Medidata Solutions,21,1,0,0,1,0,NY,1,1
600,3.7,Company - Private,analyst,na,0,50,92,71.0,CALIBRE Systems,31,0,0,0,0,1,VA,1,3
601,4.0,Company - Public,data engineer,na,0,49,97,73.0,HP Inc.,81,0,0,0,0,0,OR,0,0
602,3.6,Company - Private,director,na,0,67,135,101.0,MassMutual,169,0,0,0,0,0,MA,0,0
603,3.9,Company - Private,mle,na,0,138,224,181.0,Tapjoy,13,1,0,1,0,0,CA,1,2
604,3.7,Company - Public,data scientist,na,0,80,139,109.5,Northrop Grumman,81,0,0,0,0,1,CA,0,0
605,3.7,Company - Public,data scientist,senior,0,158,211,184.5,Visa Inc.,62,1,0,0,0,1,WA,0,3
606,3.9,Company - Private,data scientist,senior,0,150,180,165.0,Quartet Health,6,1,0,0,0,0,NY,1,0
607,3.7,Company - Public,analyst,na,0,42,80,61.0,Motorola Solutions,92,1,0,1,0,0,IL,1,3
608,4.1,Company - Private,data engineer,senior,0,190,220,205.0,Credit Sesame,10,1,0,1,1,0,CA,1,3
609,3.1,School / School District,analyst,na,0,42,77,59.5,Success Academy Charter Schools,14,1,0,0,0,1,NY,1,0
614,3.6,Company - Private,manager,na,0,34,92,63.0,MassMutual,169,0,0,0,0,1,MA,1,0
616,3.6,Company - Private,analyst,na,0,47,85,66.0,AXION Healthcare Solutions,40,0,0,0,0,1,NY,1,2
617,3.5,Company - Private,data engineer,na,0,65,124,94.5,Alignment Healthcare,7,1,0,1,1,1,CA,1,0
619,4.2,Company - Private,data scientist,na,0,56,95,75.5,ExecOnline,8,1,0,0,1,0,NY,1,3
622,4.0,Company - Public,mle,na,0,62,112,87.0,Mteq,66,1,0,0,0,0,VA,0,2
623,3.9,Company - Public,data scientist,senior,0,107,173,140.0,AstraZeneca,107,1,0,0,0,1,MD,0,3
624,3.7,Company - Private,data scientist,na,0,64,108,86.0,Brillient,14,1,0,0,0,1,MD,0,0
625,4.4,Company - Private,data scientist,senior,0,89,144,116.5,Entefy,8,1,0,0,0,0,CA,1,0
629,3.7,Company - Public,mle,na,0,61,113,87.0,Cboe Global Markets,47,1,0,0,0,1,KS,0,0
630,3.6,Company - Private,analyst,na,0,35,62,48.5,San Manuel Casino,34,0,0,0,0,1,CA,1,0
631,3.4,Company - Private,data engineer,na,0,55,105,80.0,Trace3,18,1,0,1,0,1,TX,0,3
634,3.7,Company - Public,data scientist,senior,0,135,211,173.0,Northrop Grumman,81,1,0,0,0,0,CA,0,0
635,3.5,Company - Private,data engineer,na,0,57,80,68.5,Saama Technologies Inc,23,1,0,1,0,0,AZ,0,3
636,4.4,Company - Private,data scientist,na,0,129,215,172.0,Two Sigma,19,0,0,0,0,0,NY,1,0
637,3.3,Company - Private,data scientist,na,0,86,143,114.5,Liberty Mutual Insurance,108,1,0,0,0,0,MA,1,3
639,3.2,Nonprofit Organization,data scientist,na,0,50,89,69.5,MITRE,62,1,0,0,0,1,MA,1,3
640,3.2,Company - Private,data engineer,na,0,43,86,64.5,Guidepoint,17,1,0,0,1,1,NY,1,3
643,4.0,Company - Private,data scientist,na,0,71,124,97.5,Strategic Financial Solutions,13,1,0,0,0,1,NY,1,2
644,3.7,Company - Public,data engineer,na,0,113,196,154.5,Takeda Pharmaceuticals,239,0,0,1,1,1,MA,0,3
645,2.6,College / University,mle,senior,0,81,167,124.0,Software Engineering Institute,36,0,0,0,0,0,PA,1,0
646,3.4,Company - Private,data scientist,na,0,69,121,95.0,"Remedy BPCI Partners, LLC.",9,1,0,1,1,0,NY,0,2
647,4.4,Company - Private,data scientist,senior,0,97,160,128.5,Maven Wave Partners,12,1,0,0,1,1,IL,1,0
648,3.2,Subsidiary or Business Segment,data scientist,senior,0,150,238,194.0,The Climate Corporation,14,0,0,0,1,1,CA,1,3
651,3.5,Company - Public,data scientist,na,0,77,132,104.5,Crossix Solutions,15,1,0,1,1,1,NY,1,0
653,4.2,Company - Private,data engineer,na,0,59,112,85.5,Clarity Insights,12,1,0,0,0,1,NC,0,0
654,4.2,Nonprofit Organization,analyst,na,0,35,65,50.0,The Church of Jesus Christ of Latter-day Saints,-1,0,0,0,1,1,UT,1,0
655,3.1,Company - Public,data engineer,na,0,79,147,113.0,NCSOFT,23,1,0,1,1,1,CA,0,3
660,4.3,Company - Private,data scientist,senior,0,119,187,153.0,Factual,12,1,0,1,0,1,CA,1,1
661,3.3,Company - Public,analyst,na,0,90,157,123.5,TriNet,32,0,0,0,0,1,CA,1,3
662,3.9,Company - Private,analyst,senior,0,32,62,47.0,Signpost,10,0,0,1,0,0,NY,1,0
663,3.5,Nonprofit Organization,manager,na,0,42,86,64.0,Central California Alliance for Health,24,0,0,0,0,0,CA,1,0
665,3.9,Company - Public,data scientist,senior,0,102,172,137.0,AstraZeneca,107,1,0,0,0,0,NY,0,3
666,3.0,Company - Private,data engineer,senior,0,69,127,98.0,Pilot Flying J Travel Centers LLC,62,1,0,0,0,0,TN,1,3
668,3.7,Company - Public,data scientist,na,0,86,144,115.0,Swiss Re,157,1,0,0,0,1,NY,0,3
669,3.5,Company - Public,data scientist,senior,0,102,165,133.5,Sartorius,150,1,0,0,0,1,CO,0,0
670,4.0,Nonprofit Organization,data engineer,na,0,74,124,99.0,Pinnacol Assurance,105,1,0,0,1,0,CO,1,0
672,3.2,Company - Private,data engineer,senior,0,76,142,109.0,Equian LLC,16,0,0,0,1,1,TN,0,0
673,3.4,Company - Private,data engineer,na,0,76,142,109.0,MetroStar Systems,21,0,0,0,1,0,MD,0,0
674,4.4,Company - Private,data scientist,senior,0,108,171,139.5,MathWorks,36,1,0,0,0,0,MA,1,0
675,3.3,Company - Private,director,na,0,202,306,254.0,Liberty Mutual Insurance,108,1,0,0,0,0,IL,0,3
676,3.2,Company - Private,mle,na,0,91,159,125.0,Information Builders,45,1,0,0,1,1,NY,1,3
685,3.3,Company - Private,analyst,na,0,32,59,45.5,National Interstate,31,0,0,0,0,0,OH,1,0
687,3.7,Company - Public,analyst,na,0,39,69,54.0,The Hanover Insurance Group,168,0,0,0,0,0,MA,1,0
688,4.5,Company - Private,data engineer,senior,0,87,158,122.5,Moser Consulting,24,1,0,1,1,0,IN,1,0
689,3.0,Subsidiary or Business Segment,analyst,na,0,27,48,37.5,Greenway Health,43,0,0,0,0,1,FL,1,3
690,3.8,Company - Private,analyst,na,0,36,71,53.5,Fareportal,18,1,0,0,0,1,NY,1,3
691,3.9,Company - Public,data scientist,senior,0,107,173,140.0,TransUnion,52,1,0,0,0,1,IL,1,0
698,4.8,Company - Private,manager,na,0,45,78,61.5,HOVER,9,0,0,0,0,1,CA,1,0
700,4.7,Company - Private,data scientist,na,0,60,99,79.5,Oversight Systems,17,1,0,0,0,1,GA,1,0
701,4.7,Company - Private,data scientist,na,0,130,206,168.0,Confluent,6,1,0,0,0,1,CA,1,0
702,3.4,Company - Private,data engineer,na,0,61,119,90.0,Arbella Insurance,32,0,0,1,0,1,MA,1,0
704,3.9,Company - Public,analyst,senior,0,99,178,138.5,Life360,12,1,0,0,0,0,CA,1,0
706,3.6,Company - Private,manager,na,0,37,100,68.5,MassMutual,169,0,0,0,0,1,MA,0,0
708,4.4,Company - Public,data engineer,senior,0,72,133,102.5,Eventbrite,14,1,0,1,1,0,TN,0,3
712,3.2,Company - Private,manager,na,0,95,160,127.5,"Numeric, LLC",-1,0,0,0,0,1,PA,0,0
714,4.2,Nonprofit Organization,analyst,na,0,53,91,72.0,The Church of Jesus Christ of Latter-day Saints,-1,0,0,0,0,0,UT,1,0
718,3.1,Company - Private,analyst,na,0,33,61,47.0,Icon Health and Fitness,43,1,0,0,0,1,UT,1,3
719,3.8,Subsidiary or Business Segment,data engineer,na,0,44,86,65.0,Shipt,6,1,0,1,1,1,AL,1,0
721,3.8,Company - Public,analyst,na,0,43,77,60.0,Associated Banc-Corp,150,0,0,0,1,1,WI,1,3
722,4.0,Company - Public,data scientist,senior,0,125,210,167.5,Pfizer,171,0,0,0,1,1,NY,1,0
723,3.8,Company - Private,analyst,na,0,44,86,65.0,Fareportal,18,0,0,0,0,1,NY,1,3
725,4.0,Company - Private,analyst,senior,0,69,119,94.0,Novetta,8,1,0,0,0,0,VA,0,3
726,1.9,Company - Private,analyst,senior,0,65,110,87.5,Moda Operandi,10,1,0,0,0,1,NY,1,3
727,4.0,Company - Private,data engineer,senior,0,67,127,97.0,Novetta,8,1,0,1,1,0,VA,0,3
728,4.3,Company - Private,data engineer,senior,0,78,147,112.5,Genesys,30,1,0,1,1,0,NC,0,3
732,3.8,Company - Public,data scientist,na,0,86,143,114.5,Novartis,24,0,0,0,0,0,MA,0,0
733,4.3,Company - Private,data scientist,na,0,84,146,115.0,USEReady,9,1,0,1,1,0,NY,1,0
734,3.2,Company - Private,manager,na,0,50,98,74.0,"Numeric, LLC",-1,1,0,0,1,0,PA,0,0
736,3.4,Company - Public,data engineer,senior,0,90,110,100.0,Tivity Health,39,0,0,0,0,0,AZ,0,0
737,3.8,Company - Public,data scientist,senior,0,92,150,121.0,Novartis,24,0,0,0,0,0,MA,0,0
738,4.5,Company - Private,analyst,senior,0,90,153,121.5,Demandbase,14,0,0,0,0,0,CA,1,3
742,3.9,Company - Private,data scientist,senior,0,93,151,122.0,Luminar Technologies,8,1,0,0,1,0,FL,1,0
743,4.4,Company - Private,data engineer,na,0,61,109,85.0,BRMi,16,1,0,1,1,0,VA,0,0
744,3.4,Company - Private,data engineer,na,0,42,79,60.5,IntraEdge,18,1,0,1,1,0,AZ,0,0
745,3.9,Company - Private,data scientist,senior,0,139,221,180.0,Zest AI,11,1,0,0,0,1,CA,1,0
747,3.3,Company - Private,data engineer,na,0,84,153,118.5,Peraton,3,1,0,1,0,0,VA,0,0
749,3.4,Company - Private,data scientist,na,0,81,134,107.5,PA Consulting,77,0,0,1,0,1,MA,0,3
750,4.7,Company - Private,data engineer,senior,0,97,180,138.5,Praetorian,10,1,0,1,0,0,TX,1,0
752,3.8,Company - Private,data engineer,na,0,44,73,58.5,COUNTRY Financial,95,1,0,1,0,1,IL,1,3
753,3.4,Company - Public,data engineer,senior,0,75,140,107.5,Echo Global Logistics,15,0,0,0,0,0,IL,1,3
755,3.9,Company - Private,manager,na,0,40,87,63.5,Tapjoy,13,1,0,1,0,0,CA,1,2
757,4.1,Company - Public,data scientist,na,0,72,142,107.0,Mentor Graphics,39,1,0,0,0,1,CA,0,3
758,3.7,Company - Public,data engineer,na,0,74,137,105.5,Maxar Technologies,-1,1,0,1,0,0,VA,0,0
759,2.8,Company - Private,data engineer,na,0,57,109,83.0,ICW Group,48,0,0,0,0,0,CA,1,3
761,4.0,Company - Private,data engineer,senior,0,121,203,162.0,Glassdoor,13,1,0,1,1,1,CA,0,2
766,3.4,Company - Public,data scientist,senior,0,81,140,110.5,Assurant,42,0,0,0,0,1,OH,0,3
767,3.7,Subsidiary or Business Segment,data engineer,senior,0,83,148,115.5,F&G,-1,1,0,0,0,1,IA,1,0
769,3.8,Government,data scientist,senior,0,60,101,80.5,PNNL,55,0,0,0,0,0,WA,1,3
773,4.6,Company - Private,analyst,na,0,31,55,43.0,GreatAmerica Financial Services,28,0,0,0,0,1,IA,1,0
776,4.4,Company - Public,director,na,0,102,178,140.0,Acceleron Pharma,17,0,0,0,0,1,MA,1,0
777,4.0,Company - Public,director,na,0,136,208,172.0,Pfizer,171,0,0,0,1,0,MA,0,0
779,3.0,Company - Private,analyst,senior,0,48,85,66.5,AmeriHealth Caritas,37,0,0,0,0,1,PA,1,3
781,4.7,Company - Private,data engineer,senior,0,66,123,94.5,Strategic Employment Partners,14,1,0,0,1,0,CA,0,0
782,4.2,Company - Private,manager,na,0,171,272,221.5,Grand Rounds,9,1,0,0,0,1,CA,1,0
783,3.8,Government,data scientist,senior,0,92,146,119.0,PNNL,55,0,0,0,0,0,WA,0,3
784,3.5,Company - Private,data engineer,na,0,65,126,95.5,"SPINS, LLC",25,1,0,0,0,0,IL,1,0
785,3.3,Company - Private,director,na,0,150,239,194.5,Liberty Mutual Insurance,108,1,0,0,0,0,IL,0,3
787,2.7,Company - Public,analyst,senior,1,20,34,13.5,FLEETCOR,20,0,0,0,0,1,TN,0,0
788,3.3,Company - Private,analyst,senior,0,118,228,173.0,DTCC,47,1,0,0,0,1,NJ,0,0
789,3.7,College / University,data scientist,na,0,82,129,105.5,Applied Research Laboratories,-1,1,0,0,1,0,TX,1,0
794,3.7,Company - Public,analyst,na,0,49,76,62.5,Raytheon,98,0,0,0,0,1,AL,0,0
797,3.8,Company - Public,data scientist,na,0,61,109,85.0,DICK'S Sporting Goods - Corporate,72,1,0,0,0,0,PA,1,3
799,3.9,Company - Public,data scientist,senior,0,113,182,147.5,AstraZeneca,107,1,0,0,0,1,MD,0,3
802,3.6,Company - Private,director,na,0,124,199,161.5,TRANZACT,31,1,0,0,1,1,NJ,1,0
803,3.7,Nonprofit Organization,data engineer,na,0,58,104,81.0,Carilion Clinic,121,0,0,0,0,1,VA,1,0
804,2.1,Other Organization,analyst,senior,0,52,93,72.5,United BioSource,17,0,0,0,0,1,PA,1,2
806,3.9,Company - Public,data engineer,senior,0,97,181,139.0,Figure Eight,12,1,0,0,1,1,CA,1,0
807,3.9,Company - Private,data engineer,senior,0,100,173,136.5,Tapjoy,13,0,0,0,0,0,CA,1,2
808,3.2,Company - Private,analyst,senior,0,58,108,83.0,DoubleVerify,12,1,0,1,0,1,NY,1,0
810,3.8,Company - Private,data scientist,na,0,53,96,74.5,Fareportal,18,1,0,1,0,0,NY,1,3
811,2.2,Company - Private,analyst,na,0,61,110,85.5,"Rodan and Fields, LLC",18,0,0,0,0,1,CA,1,0
816,2.6,College / University,mle,na,0,71,144,107.5,Software Engineering Institute,36,1,0,0,0,0,PA,1,0
817,3.4,Nonprofit Organization,analyst,na,0,32,57,44.5,DESC,41,0,0,0,1,1,WA,1,0
818,3.3,Company - Private,analyst,senior,0,79,136,107.5,Johns Hopkins Health Care,131,0,0,0,0,0,MD,0,3
820,3.7,Company - Private,analyst,senior,0,50,89,69.5,Community Behavioral Health,26,0,0,0,0,1,PA,0,0
825,3.8,Company - Public,manager,na,0,68,125,96.5,Agios Pharmaceuticals,12,0,0,0,0,1,MA,1,0
826,3.3,Company - Private,director,na,0,39,67,53.0,Liberty Mutual Insurance,108,0,0,0,0,0,MA,1,3
827,2.7,Company - Private,data engineer,senior,0,71,135,103.0,Bridg,9,0,0,1,1,0,CA,1,0
828,3.8,Company - Public,data scientist,senior,0,107,172,139.5,Bill.com,14,0,0,0,0,0,CA,1,0
829,3.8,Government,data scientist,na,0,49,85,67.0,Pacific Northwest National Laboratory,55,0,0,0,0,0,WA,1,3
832,3.6,Company - Private,analyst,na,0,47,85,66.0,AXION Healthcare Solutions,40,0,0,0,0,1,NY,1,2
836,3.5,Company - Private,data engineer,na,0,65,124,94.5,Alignment Healthcare,7,1,0,1,1,1,CA,1,0
837,3.6,Company - Private,data scientist,na,0,87,141,114.0,TRANZACT,31,1,0,0,1,1,NJ,1,0
838,4.2,Company - Private,data scientist,na,0,56,95,75.5,ExecOnline,8,1,0,0,1,0,NY,1,3
839,3.5,School / School District,data scientist,na,0,71,121,96.0,Charter Spectrum,-1,0,0,0,0,1,MO,0,0
840,4.0,Company - Public,mle,na,0,62,112,87.0,Mteq,66,1,0,0,0,0,VA,0,2
841,3.7,Company - Private,data scientist,na,0,64,108,86.0,Brillient,14,1,0,0,0,1,MD,0,0
845,4.4,Company - Private,data scientist,senior,0,89,144,116.5,Entefy,8,1,0,0,0,0,CA,1,0
851,3.6,Company - Private,analyst,na,0,35,62,48.5,San Manuel Casino,34,0,0,0,0,1,CA,1,0
852,3.7,Company - Public,mle,na,0,61,113,87.0,Cboe Global Markets,47,1,0,0,0,1,KS,0,0
853,3.4,Company - Private,data engineer,na,0,55,105,80.0,Trace3,18,1,0,1,0,1,TX,0,3
855,3.7,Company - Public,data scientist,senior,0,135,211,173.0,Northrop Grumman,81,1,0,0,0,0,CA,0,0
857,3.5,Company - Private,data engineer,na,0,57,80,68.5,Saama Technologies Inc,23,1,0,1,0,0,AZ,0,3
859,3.2,Nonprofit Organization,data scientist,na,0,50,89,69.5,MITRE,62,1,0,0,0,1,MA,1,3
860,4.4,Subsidiary or Business Segment,data scientist,senior,0,82,132,107.0,The David J. Joseph Company,135,1,0,0,1,0,OH,1,0
861,3.9,Company - Private,data scientist,senior,0,85,139,112.0,The Buffalo Group,10,1,0,1,0,0,VA,0,3
863,3.4,Company - Private,data scientist,na,0,72,121,96.5,CompQsoft,23,1,0,0,0,0,DC,0,0
866,3.7,Company - Public,data engineer,na,0,113,196,154.5,Takeda Pharmaceuticals,239,0,0,1,1,1,MA,0,3
867,3.4,Company - Private,data scientist,na,0,69,121,95.0,"Remedy BPCI Partners, LLC.",9,1,0,1,1,0,NY,0,2
868,4.0,Company - Private,data scientist,na,0,71,124,97.5,Strategic Financial Solutions,13,1,0,0,0,1,NY,1,2
869,4.4,Company - Private,data scientist,senior,0,97,160,128.5,Maven Wave Partners,12,1,0,0,1,1,IL,1,0
870,2.6,College / University,mle,senior,0,81,167,124.0,Software Engineering Institute,36,0,0,0,0,0,PA,1,0
871,3.2,Subsidiary or Business Segment,data scientist,senior,0,150,238,194.0,The Climate Corporation,14,0,0,0,1,1,CA,1,3
877,4.2,Nonprofit Organization,analyst,na,0,35,65,50.0,The Church of Jesus Christ of Latter-day Saints,-1,0,0,0,1,1,UT,1,0
878,3.5,Company - Public,data scientist,na,0,77,132,104.5,Crossix Solutions,15,1,0,1,1,1,NY,1,0
879,4.3,Company - Private,data scientist,na,0,51,88,69.5,Solugenix Corporation,51,1,0,0,0,1,AZ,0,0
880,2.6,Company - Private,data scientist,na,0,101,141,121.0,West Coast University,23,1,0,0,0,0,CA,1,0
881,4.2,Company - Private,data engineer,na,0,59,112,85.5,Clarity Insights,12,1,0,0,0,1,NC,0,0
883,3.1,Company - Public,data engineer,na,0,79,147,113.0,NCSOFT,23,1,0,1,1,1,CA,0,3
884,3.8,Subsidiary or Business Segment,data scientist,na,0,79,127,103.0,SoftBank Robotics,15,1,0,0,1,0,CA,0,0
887,4.3,Company - Private,data scientist,senior,0,119,187,153.0,Factual,12,1,0,1,0,1,CA,1,1
892,3.2,Nonprofit Organization,data scientist,jr,0,81,132,106.5,MITRE,62,1,0,1,0,1,VA,0,3
893,5.0,Company - Private,data scientist,senior,0,120,140,130.0,SkySync,9,0,0,0,0,1,MI,1,0
895,3.3,Company - Public,analyst,na,0,90,157,123.5,TriNet,32,0,0,0,0,1,CA,1,3
897,3.5,Nonprofit Organization,manager,na,0,42,86,64.0,Central California Alliance for Health,24,0,0,0,0,0,CA,1,0
898,3.9,Company - Private,analyst,senior,0,32,62,47.0,Signpost,10,0,0,1,0,0,NY,1,0
900,3.9,Company - Public,data scientist,senior,0,107,173,140.0,AstraZeneca,107,1,0,0,0,1,MD,0,3
901,3.4,Company - Private,data scientist,na,0,65,113,89.0,"DatamanUSA, LLC",-1,0,0,0,0,0,WA,0,0
902,3.0,Company - Private,data engineer,senior,0,69,127,98.0,Pilot Flying J Travel Centers LLC,62,1,0,0,0,0,TN,1,3
904,3.9,Company - Public,data scientist,senior,0,102,172,137.0,AstraZeneca,107,1,0,0,0,0,NY,0,3
907,4.0,Nonprofit Organization,data engineer,na,0,74,124,99.0,Pinnacol Assurance,105,1,0,0,1,0,CO,1,0
910,3.2,Company - Private,data engineer,senior,0,76,142,109.0,Equian LLC,16,0,0,0,1,1,TN,0,0
911,3.4,Company - Private,data engineer,na,0,76,142,109.0,MetroStar Systems,21,0,0,0,1,0,MD,0,0
912,4.4,Company - Private,data scientist,senior,0,108,171,139.5,MathWorks,36,1,0,0,0,0,MA,1,0
913,3.3,Company - Private,director,na,0,202,306,254.0,Liberty Mutual Insurance,108,1,0,0,0,0,IL,0,3
914,3.2,Company - Private,mle,na,0,91,159,125.0,Information Builders,45,1,0,0,1,1,NY,1,3
924,3.2,Company - Private,data scientist,na,0,96,161,128.5,"Numeric, LLC",-1,1,0,1,1,0,PA,0,0
929,3.3,Company - Private,analyst,na,0,32,59,45.5,National Interstate,31,0,0,0,0,0,OH,1,0
930,4.5,Company - Private,data engineer,senior,0,87,158,122.5,Moser Consulting,24,1,0,1,1,0,IN,1,0
931,3.0,Subsidiary or Business Segment,analyst,na,0,27,48,37.5,Greenway Health,43,0,0,0,0,1,FL,1,3
932,3.7,Company - Public,analyst,na,0,39,69,54.0,The Hanover Insurance Group,168,0,0,0,0,0,MA,1,0
933,3.8,Company - Private,analyst,na,0,36,71,53.5,Fareportal,18,1,0,0,0,1,NY,1,3
934,3.9,Company - Public,data scientist,senior,0,107,173,140.0,TransUnion,52,1,0,0,0,1,IL,1,0
940,4.8,Company - Private,manager,na,0,45,78,61.5,HOVER,9,0,0,0,0,1,CA,1,0
944,3.4,Company - Private,data engineer,na,0,61,119,90.0,Arbella Insurance,32,0,0,1,0,1,MA,1,0
945,4.1,Company - Private,mle,na,0,80,142,111.0,CK-12 Foundation,13,1,0,0,1,1,CA,1,0
946,3.9,Company - Public,analyst,senior,0,99,178,138.5,Life360,12,1,0,0,0,0,CA,1,0
947,3.6,Company - Private,manager,na,0,37,100,68.5,MassMutual,169,0,0,0,0,1,MA,0,0
948,3.9,Company - Private,data engineer,na,0,62,113,87.5,Fivestars,9,1,0,0,1,1,CA,1,2
951,4.4,Company - Public,data engineer,senior,0,72,133,102.5,Eventbrite,14,1,0,1,1,0,TN,0,3
953,3.2,Company - Private,manager,na,0,95,160,127.5,"Numeric, LLC",-1,0,0,0,0,1,PA,0,0
